total_cumulative_return,profit_factor,max_drawdown,last_year_drawdown,sharpe_ratio,volatility,num_trades,data_points,reference_coin,trading_coin,trading_type,trades_saved
1.734342,1.367965,-0.286373,-0.102798,1.038910,0.404324,179,11483,1000LUNC,IOTA,longs,179
1.258159,1.120601,-0.267258,-0.146880,0.523482,0.334667,233,11483,1000LUNC,IOTA,shorts,233
2.182078,1.229451,-0.322009,-0.210018,1.134906,0.524491,412,11483,1000LUNC,IOTA,both,412
4.578865,1.728605,-0.254273,-0.081954,2.125924,0.545958,233,11483,IOTA,1000LUNC,longs,233
1.943587,1.348759,-0.474566,-0.474566,1.046840,0.484269,179,11483,IOTA,1000LUNC,shorts,179
8.899420,1.547372,-0.373680,-0.373680,2.286551,0.729315,412,11483,IOTA,1000LUNC,both,412
