{
  "pair": "OGN \u2192 ADA",
  "trade_type_filter": "long",
  "total_trades": 441,
  "long_trades": 441,
  "short_trades": 0,
  "mean_return": 0.0036899587658599338,
  "median_return": -0.0050269405679740625,
  "std_return": 0.05927553362625161,
  "mean_long_return": 0.0036899587658599338,
  "mean_short_return": null,
  "mean_holding_period_hours": 17.294784580498867,
  "median_holding_period_hours": 14.0,
  "total_log_return": 1.6272718157442307,
  "total_simple_return": 4.089969384667432,
  "win_rate": 0.3968253968253968,
  "best_trade": 0.33062500097770897,
  "worst_trade": -0.26513856976756883
}