{
  "initial_budget": 1000.0,
  "final_portfolio_value": 2166.7711969814654,
  "total_return": 1.1667711969814656,
  "profit_factor": 1.2703013344492957,
  "max_drawdown": -0.1395604978939735,
  "sharpe_ratio": 1.2502122203732946,
  "num_trades": 18225,
  "allocation_fraction": 0.01
}