{
  "pair": "BNT \u2192 AAVE",
  "trade_type_filter": "short",
  "total_trades": 190,
  "long_trades": 0,
  "short_trades": 190,
  "mean_return": 0.010754411293922605,
  "median_return": 0.003689199933742126,
  "std_return": 0.055675609414233274,
  "mean_long_return": null,
  "mean_short_return": 0.010754411293922605,
  "mean_holding_period_hours": 19.03157894736842,
  "median_holding_period_hours": 16.0,
  "total_log_return": 2.043338145845295,
  "total_simple_return": 6.716324470808864,
  "win_rate": 0.5684210526315789,
  "best_trade": 0.2204926279639802,
  "worst_trade": -0.13326930377490273
}