{
  "pair": "BNT \u2192 MKR",
  "trade_type_filter": "both",
  "total_trades": 475,
  "long_trades": 237,
  "short_trades": 238,
  "mean_return": 0.008566674435200471,
  "median_return": -0.0014981276210219922,
  "std_return": 0.05918987715124669,
  "mean_long_return": 0.01093341322396296,
  "mean_short_return": 0.006209879927063035,
  "mean_holding_period_hours": 16.309473684210527,
  "median_holding_period_hours": 14.0,
  "total_log_return": 4.069170356720224,
  "total_simple_return": 57.508401348433964,
  "win_rate": 0.48,
  "best_trade": 0.48362211021077983,
  "worst_trade": -0.15198921208768176
}