{
  "window_name": "18mo_optimal",
  "months_back": 18,
  "pairs_selected": 1,
  "portfolio_return": 1.0,
  "portfolio_sharpe": 2.209747460371583,
  "portfolio_drawdown": -0.34654005065542187,
  "trades_executed": 436,
  "simulation_date": "2025-09-08T11:32:01.246837"
}