{
  "pair": "AXS \u2192 SUN",
  "trade_type_filter": "short",
  "total_trades": 300,
  "long_trades": 0,
  "short_trades": 300,
  "mean_return": 0.02298423751270835,
  "median_return": -0.004478639838903536,
  "std_return": 0.3913846272688445,
  "mean_long_return": null,
  "mean_short_return": 0.02298423751270835,
  "mean_holding_period_hours": 16.87,
  "median_holding_period_hours": 14.0,
  "total_log_return": 6.8952712538125045,
  "total_simple_return": 986.5935770077322,
  "win_rate": 0.43666666666666665,
  "best_trade": 6.697624365772518,
  "worst_trade": -0.250565694331053
}